{
  "type": "datasource",
  "name": "Zabbix",
  "id": "alexanderzobnin-zabbix-datasource",

  "includes": [
    {
      "type": "dashboard",
      "name": "Zabbix System Status",
      "path": "../dashboards/zabbix_system_status.json"
    },
    {
      "type": "dashboard",
      "name": "Zabbix Template Linux Server",
      "path": "../dashboards/template_linux_server.json"
    },
    {
      "type": "dashboard",
      "name": "Zabbix Server Dashboard",
      "path": "../dashboards/zabbix_server_dashboard.json"
    }
  ],

  "metrics": true,
  "annotations": true,

  "queryOptions": {
    "maxDataPoints": true
  },

  "info": {
    "author": {
      "name": "Alexander Zobnin",
      "url": "https://github.com/alexanderzobnin/grafana-zabbix"
    },
    "logos": {
      "small": "img/zabbix_app_logo.svg",
      "large": "img/zabbix_app_logo.svg"
    }
  }
}
